<?xml version="1.0" encoding="UTF-8"?>
<beans xmlns="http://www.springframework.org/schema/beans"
	xmlns:xsi="http://www.w3.org/2001/XMLSchema-instance"
	xmlns:mvc="http://www.springframework.org/schema/mvc"
	xmlns:context="http://www.springframework.org/schema/context"
	xsi:schemaLocation="http://www.springframework.org/schema/mvc https://www.springframework.org/schema/mvc/spring-mvc-3.1.xsd
		http://www.springframework.org/schema/beans https://www.springframework.org/schema/beans/spring-beans.xsd
		http://www.springframework.org/schema/context https://www.springframework.org/schema/context/spring-context-3.1.xsd">

	<!-- DispatcherServlet Context: defines this servlet's request-processing infrastructure -->
	<context:component-scan base-package="com.javaEdu.myapp.member.controller"/>
	<!-- Enables the Spring MVC @Controller programming model -->
	<mvc:annotation-driven />
	
	<bean id="jacksonMessageConverter" class="org.springframework.http.converter.json.MappingJackson2HttpMessageConverter"/>

	<!-- Resolves views selected for rendering by @Controllers to .jsp resources in the /WEB-INF/views directory -->
	<bean class="org.springframework.web.servlet.view.InternalResourceViewResolver">
		<property name="prefix" value="/WEB-INF/views/" />
		<property name="suffix" value=".jsp" />
	</bean>
	<mvc:view-controller path="/" view-name="index"/>
	
	<mvc:resources location="/WEB-INF/resources/" mapping="**"/>
	<mvc:resources location="/WEB-INF/resources/images/" mapping="/images/**"/>
	<mvc:resources location="/WEB-INF/resources/js" mapping="/js/**"/>
	<mvc:resources location="/WEB-INF/resources/css" mapping="/css/**"/>
	
	<bean id="exceptionResolver" class="org.springframework.web.servlet.handler.SimpleMappingExceptionResolver">
		<property name="exceptionMappings">
			<props>
				<prop key="java.lang.RuntimeException">
				error/runtime
				</prop>
			</props>
		</property>
		<property name="defaultErrorView" value="error/default"/>
	</bean>
</beans>
